item,cond,comparative,repeatability,quantifier,ellipsis,additive,sentence,,,
1,1,illusion,non-repeatable,more,ellipsis,notjust,More girls graduated from high school last year than John did.,,,
1,2,illusion,non-repeatable,more,noellip,notjust,More girls graduated from high school last year than John graduated from college.,,,
1,3,illusion,non-repeatable,fewer,ellipsis,notjust,Fewer girls graduated from high school last year than John did. ,,,
1,4,illusion,non-repeatable,fewer,noellip,notjust,Fewer girls graduated from high school last year than John graduated from college.,,,
1,5,control,non-repeatable,more,ellipsis,notjust,More girls graduated from high school last year than boys did.,,,
1,6,control,non-repeatable,more,noellip,notjust,More girls graduated from high school last year than boys graduated from college.,,,
1,7,control,non-repeatable,fewer,ellipsis,notjust,Fewer girls graduated from high school last year than boys did.,,,
1,8,control,non-repeatable,fewer,noellip,notjust,Fewer girls graduated from high school last year than boys graduated from college.,,,
2,1,illusion,non-repeatable,more,ellipsis,notjust,This semester more foreign applicants got into Stanford than Marie did. ,,,
2,2,illusion,non-repeatable,more,noellip,notjust,This semester more foreign applicants got into Stanford than Marie got into Harvard.,,,
2,3,illusion,non-repeatable,fewer,ellipsis,notjust,This semester fewer foreign applicants got into Stanford than Marie did.,,,
2,4,illusion,non-repeatable,fewer,noellip,notjust,This semester fewer foreign applicants got into Stanford than Marie got into Harvard.,,,
2,5,control,non-repeatable,more,ellipsis,notjust,This semester more foreign applicants got into Stanford than Americans did. ,,,
2,6,control,non-repeatable,more,noellip,notjust,This semester more foreign applicants got into Stanford than Americans got into Harvard.,,,
2,7,control,non-repeatable,fewer,ellipsis,notjust,This semester fewer foreign applicants got into Stanford than Americans did.,,,
2,8,control,non-repeatable,fewer,noellip,notjust,This semester fewer foreign applicants got into Stanford than Americans got into Harvard.,,,
3,1,illusion,non-repeatable,more,ellipsis,notjust,More boys got an A on the exam yesterday than she did.,,,
3,2,illusion,non-repeatable,more,noellip,notjust,More boys got an A on the exam yesterday than she got a B on the assignment.,,,
3,3,illusion,non-repeatable,fewer,ellipsis,notjust,Fewer boys got an A on the exam yesterday than she did.,,,
3,4,illusion,non-repeatable,fewer,noellip,notjust,Fewer boys got an A on the exam yesterday than she got a B on the assignment.,,,
3,5,control,non-repeatable,more,ellipsis,notjust,More boys got an A on the exam yesterday than girls did.,,,
3,6,control,non-repeatable,more,noellip,notjust,More boys got an A on the exam yesterday than girls got a B on the assignment.,,,
3,7,control,non-repeatable,fewer,ellipsis,notjust,Fewer boys got an A on the exam yesterday than girls did.,,,
3,8,control,non-repeatable,fewer,noellip,notjust,Fewer boys got an A on the exam yesterday than girls got a B on the assignment.,,,
4,1,illusion,non-repeatable,more,ellipsis,notjust,Last month more couples had their second child than Sandra's sister did.,,,
4,2,illusion,non-repeatable,more,noellip,notjust,Last month more couples had their second child than Sandra's sister had her first child.,,,
4,3,illusion,non-repeatable,fewer,ellipsis,notjust,Last month fewer couples had their second child than Sandra's sister did.,,,
4,4,illusion,non-repeatable,fewer,noellip,notjust,Last month fewer couples had their second child than Sandra's sister had her first child.,,,
4,5,control,non-repeatable,more,ellipsis,notjust,Last month more couples had their second child than single parents did.,,,
4,6,control,non-repeatable,more,noellip,notjust,Last month more couples had their second child than single parents had their first child.,,,
4,7,control,non-repeatable,fewer,ellipsis,notjust,Last month fewer couples had their second child than single parents did.,,,
4,8,control,non-repeatable,fewer,noellip,notjust,Last month fewer couples had their second child than single parents had their first child.,,,
5,1,illusion,non-repeatable,more,ellipsis,notjust,More photographers won their third Pulitzer this year than the professor did.,,,
5,2,illusion,non-repeatable,more,noellip,notjust,More photographers won their third Pulitzer this year than the professor won his third Nobel.,,,
5,3,illusion,non-repeatable,fewer,ellipsis,notjust,Fewer photographers won their Pulitzer this year than the professor did.,,,
5,4,illusion,non-repeatable,fewer,noellip,notjust,Fewer photographers won their third Pulitzer this year than the professor won his third Nobel.,,,
5,5,control,non-repeatable,more,ellipsis,notjust,More photographers won their third Pulitzer this year than professors did.,,,
5,6,control,non-repeatable,more,noellip,notjust,More photographers won their third Pulitzer this year than professors won their third Nobel.,,,
5,7,control,non-repeatable,fewer,ellipsis,notjust,Fewer photographers won their third Pulitzer this year than professors did.,,,
5,8,control,non-repeatable,fewer,noellip,notjust,Fewer photographers won their third Pulitzer this year than professors won their third Nobel.,,,
6,1,illusion,non-repeatable,more,ellipsis,notjust,More gym instructors won a marathon yesterday than the lawyer did.,,,
6,2,illusion,non-repeatable,more,noellip,notjust,More gym instructors won a marathon yesterday than the lawyer won a triathlon.,,,
6,3,illusion,non-repeatable,fewer,ellipsis,notjust,Fewer gym instructors won a marathon yesterday than the lawyer did.,,,
6,4,illusion,non-repeatable,fewer,noellip,notjust,Fewer gym instructors won a marathon yesterday than the lawyer won a triathalon.,,,
6,5,control,non-repeatable,more,ellipsis,notjust,More gym instructors won a marathon yesterday than lawyers did.,,,
6,6,control,non-repeatable,more,noellip,notjust,More gym instructors won a marathon yesterday than lawyers won a triathlon.,,,
6,7,control,non-repeatable,fewer,ellipsis,notjust,Fewer gym instructors won a marathon yesterday than lawyers did.,,,
6,8,control,non-repeatable,fewer,noellip,notjust,Fewer gym instructors won a marathon yesterday than lawyers won a triathlon.,,,
7,1,illusion,non-repeatable,more,ellipsis,justme,More Americans began law school this week than Megan did.,,,
7,2,illusion,non-repeatable,more,noellip,justme,More Americans began law school this week than Megan began medical school.,,,
7,3,illusion,non-repeatable,fewer,ellipsis,justme,Fewer Americans began law school this week than Megan did.,,,
7,4,illusion,non-repeatable,fewer,noellip,justme,Fewer Americans began law school this week than Megan began medical school.,,,
7,5,control,non-repeatable,more,ellipsis,notjust,More Americans began law school this week than Canadians did.,,,
7,6,control,non-repeatable,more,noellip,notjust,More Americans began law school this week than Canadians began medical school.,,,
7,7,control,non-repeatable,fewer,ellipsis,notjust,Fewer Americans began law school this week than Canadians did.,,,
7,8,control,non-repeatable,fewer,noellip,notjust,Fewer Americans began law school this week than Canadians began medical school.,,,
8,1,illusion,non-repeatable,more,ellipsis,justme,This month more one-year-olds took their first steps than Sally did.,,,
8,2,illusion,non-repeatable,more,noellip,justme,This month more one-year-olds took their first steps than Sally said her first word.,,,
8,3,illusion,non-repeatable,fewer,ellipsis,justme,This month fewer one-year-olds took their first steps than Sally did.,,,
8,4,illusion,non-repeatable,fewer,noellip,justme,This month fewer one-year-olds took their first steps than Sally said her first word.,,,
8,5,control,non-repeatable,more,ellipsis,notjust,This month more one-year-olds took their first steps than 10-month-olds did.,,,
8,6,control,non-repeatable,more,noellip,notjust,This month more one-year-olds took their first steps than 10-month-olds said their first word.,,,
8,7,control,non-repeatable,fewer,ellipsis,notjust,This month fewer one-year-olds took their first steps than 10-month-olds did.,,,
8,8,control,non-repeatable,fewer,noellip,notjust,This month fewer one-year-olds took their first steps than 10-month-olds said their first word.,,,
9,1,illusion,non-repeatable,more,ellipsis,justme,Today more Brazilians immigrated to Japan than Peter's mother did.,,,
9,2,illusion,non-repeatable,more,noellip,justme,Today more Brazilians immigrated to Japan than Peter's mother immigrated to the USA.,,,
9,3,illusion,non-repeatable,fewer,ellipsis,justme,Today fewer Brazilians immigrated to Japan than Peter's mother did.,,,
9,4,illusion,non-repeatable,fewer,noellip,justme,Today fewer Brazilians immigrated to Japan than Peter's mother immigrated to the USA.,,,
9,5,control,non-repeatable,more,ellipsis,notjust,Today more Brazilians immigrated to Japan than Chileans did.,,,
9,6,control,non-repeatable,more,noellip,notjust,Today more Brazilians immigrated to Japan than Chileans immigrated to the USA.,,,
9,7,control,non-repeatable,fewer,ellipsis,notjust,Today fewer Brazilians immigrated to Japan than Chileans did.,,,
9,8,control,non-repeatable,fewer,noellip,notjust,Today fewer Brazilians immigrated to Japan than Chileans immigrated to the USA.,,,
10,1,illusion,non-repeatable,more,ellipsis,notjust,More 18-year-olds voted in this election than Amy's father did.,,,
10,2,illusion,non-repeatable,more,noellip,notjust,More 18-year-olds voted in this election than Amy's father voted in the last election.,,,
10,3,illusion,non-repeatable,fewer,ellipsis,notjust,Fewer 18-year-olds voted in this election than Amy's father did.,,,
10,4,illusion,non-repeatable,fewer,noellip,notjust,Fewer 18-year-olds voted in this election than Amy's father voted in the last election.,,,
10,5,control,non-repeatable,more,ellipsis,notjust,More 18-year-olds voted in this election than 40-year-olds did.,,,
10,6,control,non-repeatable,more,noellip,notjust,More 18-year-olds voted in this election than 40-year-olds voted in the last election.,,,
10,7,control,non-repeatable,fewer,ellipsis,notjust,Fewer 18-year-olds voted in this election than 40-year-olds did.,,,
10,8,control,non-repeatable,fewer,noellip,notjust,Fewer 18 year olds voted in this election than 40-year-olds voted in the last election.,,,
11,1,illusion,non-repeatable,more,ellipsis,justme,This year more firemen have retired from service than Alfred has.,,,
11,2,illusion,non-repeatable,more,noellip,justme,This year more firemen have retired from service than Alfred has retired from medical practice.,,,
11,3,illusion,non-repeatable,fewer,ellipsis,justme,This year fewer firemen have retired from service than Alfred has.,,,
11,4,illusion,non-repeatable,fewer,noellip,justme,This year fewer firemen have retired from service than Alfred has retired from medical practice.,,,
11,5,control,non-repeatable,more,ellipsis,notjust,This year more firemen have retired from service than doctors have.,,,
11,6,control,non-repeatable,more,noellip,notjust,This year more firemen have retired from service than doctors have retired from medical practice.,,,
11,7,control,non-repeatable,fewer,ellipsis,notjust,This year fewer firemen have retired from service than doctors have.,,,
11,8,control,non-repeatable,fewer,noellip,notjust,This year fewer firemen have retired from service than doctors have retired from medical practice.,,,
12,1,illusion,non-repeatable,more,ellipsis,notjust,More mathematicians have solved this puzzle than the philosopher has.,,,
12,2,illusion,non-repeatable,more,noellip,notjust,More mathematicians have solved this puzzle than the philosopher has solved that puzzle.,,,
12,3,illusion,non-repeatable,fewer,ellipsis,notjust,Fewer mathematicans have solved this puzzle than the philosopher has.,,,
12,4,illusion,non-repeatable,fewer,noellip,notjust,Fewer mathematicians have solved this puzzle than the philosopher has solved that puzzle.,,,
12,5,control,non-repeatable,more,ellipsis,notjust,More mathematicians have solved this puzzle than philosophers have.,,,
12,6,control,non-repeatable,more,noellip,notjust,More mathematicians have solved this puzzle than philosophers have solved that puzzle.,,,
12,7,control,non-repeatable,fewer,ellipsis,notjust,Fewer mathematicians have solved this puzzle than philosophers have.,,,
12,8,control,non-repeatable,fewer,noellip,notjust,Fewer mathematicians have solved this puzzle than philosophers have solved that puzzle.,,,
13,1,illusion,non-repeatable,more,ellipsis,justme,More Canadians named their first son Enrique than Sonya did.,,,
13,2,illusion,non-repeatable,more,noellip,justme,More Canadians named their first son Enrique than Sonya named her second son Leon.,,,
13,3,illusion,non-repeatable,fewer,ellipsis,justme,Fewer Canadians named their first son Enrique than Sonya did.,,,
13,4,illusion,non-repeatable,fewer,noellip,justme,Fewer Canadians named their first son Enrique than Sonya named her second son Leon.,,,
13,5,control,non-repeatable,more,ellipsis,notjust,More Canadians named their first son Enrique than Mexicans did.,,,
13,6,control,non-repeatable,more,noellip,notjust,More Canadians named their first son Enrique than Mexicans named their second son Leon.,,,
13,7,control,non-repeatable,fewer,ellipsis,notjust,Fewer Canadians named their first son Enrique than Mexicans did.,,,
13,8,control,non-repeatable,fewer,noellip,notjust,Fewer Canadians named their first son Enrique than Mexicans named their second son Leon.,,,
14,1,illusion,non-repeatable,more,ellipsis,justme,Last summer more 5-year-olds learned to ride a bike than Fran's son did.,,,
14,2,illusion,non-repeatable,more,noellip,justme,Last summer more 5-year-olds learned to ride a bike than Fran's son learned to swim.,,,
14,3,illusion,non-repeatable,fewer,ellipsis,justme,Last summer fewer 5-year-olds learned to ride a bike than Fran's son did.,,,
14,4,illusion,non-repeatable,fewer,noellip,justme,Last summer fewer 5-year-olds learned to ride a bike than Fran's son learned to swim.,,,
14,5,control,non-repeatable,more,ellipsis,notjust,Last summer more 5-year-olds learned to ride a bike than 6-year-olds did.,,,
14,6,control,non-repeatable,more,noellip,notjust,Last summer more 5-year-olds learned to ride a bike than 6-year-olds learned to swim.,,,
14,7,control,non-repeatable,fewer,ellipsis,notjust,Last summer fewer 5-year-olds learned to ride a bike than 6-year-olds did.,,,
14,8,control,non-repeatable,fewer,noellip,notjust,Last summer fewer 5-year-olds learned to ride a bike than 6-year-olds learned to swim.,,,
15,1,illusion,non-repeatable,more,ellipsis,notjust,More workers were laid off from the plant than the manager was.,,,
15,2,illusion,non-repeatable,more,noellip,notjust,More workers were laid off from the plant than the manager was fired from the factory.,,,
15,3,illusion,non-repeatable,fewer,ellipsis,notjust,Fewer workers were laid off from the plant than the manager was.,,,
15,4,illusion,non-repeatable,fewer,noellip,notjust,Fewer workers were laid off from the plant than the manager was fired from the factory.,,,
15,5,control,non-repeatable,more,ellipsis,notjust,More workers were laid off from the plant than managers were.,,,
15,6,control,non-repeatable,more,noellip,notjust,More workers were laid off from the plant than managers were fired from the factory.,,,
15,7,control,non-repeatable,fewer,ellipsis,notjust,Fewer workers were laid off from the plant than managers were.,,,
15,8,control,non-repeatable,fewer,noellip,notjust,More workers were laid off from the plant than managers were fired from the factory.,,,
16,1,illusion,non-repeatable,more,ellipsis,justme,This year more senior professors ran for for president than Richard did.,,,
16,2,illusion,non-repeatable,more,noellip,justme,This year more senior professors ran for president than Richard ran for chairman.,,,
16,3,illusion,non-repeatable,fewer,ellipsis,justme,This year fewer senior professors ran for president than Richard did.,,,
16,4,illusion,non-repeatable,fewer,noellip,justme,This year fewer senior professors ran for president than Richard ran for chairman.,,,
16,5,control,non-repeatable,more,ellipsis,notjust,This year more senior professors ran for president than junior professors did.,,,
16,6,control,non-repeatable,more,noellip,notjust,This year more senior professors ran for president than junior professors ran for chairman.,,,
16,7,control,non-repeatable,fewer,ellipsis,notjust,This year fewer senior professors ran for president than junior professors did.,,,
16,8,control,non-repeatable,fewer,noellip,notjust,This year fewer senior professors ran for president than junior professors ran for chairman.,,,
17,1,illusion,non-repeatable,more,ellipsis,notjust,More girls had their tonsils removed over the summer break than the boy did.,,,
17,2,illusion,non-repeatable,more,noellip,notjust,More girls had their tonsils removed over the summer break than the boy had braces fitted.,,,
17,3,illusion,non-repeatable,fewer,ellipsis,notjust,Fewer girls had their tonsils removed over the summer break than the boy did.,,,
17,4,illusion,non-repeatable,fewer,noellip,notjust,Fewer girls had their tonsils removed over the summer break than the boy had braces fitted.,,,
17,5,control,non-repeatable,more,ellipsis,notjust,More girls got their tonsils removed over the summer break than boys did.,,,
17,6,control,non-repeatable,more,noellip,notjust,More girls got their tonsils removed over the summer break than boys had braces fitted.,,,
17,7,control,non-repeatable,fewer,ellipsis,notjust,Fewer girls got their tonsils removed over the summer break than boys did.,,,
17,8,control,non-repeatable,fewer,noellip,notjust,Fewer girls got their tonsils removed over the summer break than boys had braces fitted.,,,
18,1,illusion,non-repeatable,more,ellipsis,notjust,This fall more teenage boys got their first car than Marissa did.,,,
18,2,illusion,non-repeatable,more,noellip,notjust,This fall more teenage boys got their first car than Marissa got a new scooter.,,,
18,3,illusion,non-repeatable,fewer,ellipsis,notjust,This fall fewer teenage boys got their first car than Marissa did.,,,
18,4,illusion,non-repeatable,fewer,noellip,notjust,This fall fewer teenage boys got their first car than Marissa got a new scooter.,,,
18,5,control,non-repeatable,more,ellipsis,notjust,This fall more teenage boys got their first car than teenage girls did.,,,
18,6,control,non-repeatable,more,noellip,notjust,This fall more teenage boys got their first car than teenage girls got a new scooter.,,,
18,7,control,non-repeatable,fewer,ellipsis,notjust,This fall fewer teenage boys got their first car than teenage girls did.,,,
18,8,control,non-repeatable,fewer,noellip,notjust,This fall fewer teenage boys got their first car than teenage girls got a new scooter.,,,
19,1,illusion,non-repeatable,more,ellipsis,justme,More Midwesterners learned to drive last year than Michael did.,,,
19,2,illusion,non-repeatable,more,noellip,justme,More Midwesterners learned to drive last year than Michael learned to sail.,,,
19,3,illusion,non-repeatable,fewer,ellipsis,justme,Fewer Midwesterners learned to drive last year than Michael did.,,,
19,4,illusion,non-repeatable,fewer,noellip,justme,Fewer Midwesterners learned to drive last year than Michael learned to sail.,,,
19,5,control,non-repeatable,more,ellipsis,notjust,More Midwesterners learned to drive last year than Californians did.,,,
19,6,control,non-repeatable,more,noellip,notjust,More Midwesterners learned to drive last year than Californians learned to sail.,,,
19,7,control,non-repeatable,fewer,ellipsis,notjust,Fewer Midwesterners learned to drive last year than Californians did.,,,
19,8,control,non-repeatable,fewer,noellip,notjust,Fewer Midwesterners learned to drive last year than Californians learned to sail.,,,
20,1,illusion,non-repeatable,more,ellipsis,justme,More Texans ran for Governor in the last election season than Sarah did.,,,
20,2,illusion,non-repeatable,more,noellip,justme,More Texans ran for Governor in the last election season than Sarah ran for Mayor.,,,
20,3,illusion,non-repeatable,fewer,ellipsis,justme,Fewer Texans ran for Governor in the last election season than Sarah did.,,,
20,4,illusion,non-repeatable,fewer,noellip,justme,Fewer Texans ran for Governor in the last election season than Sarah ran for Mayor.,,,
20,5,control,non-repeatable,more,ellipsis,notjust,More Texans ran for Governor in the last election season than Alaskans did.,,,
20,6,control,non-repeatable,more,noellip,notjust,More Texans ran for Governor in the last election season than Alaskans ran for Mayor.,,,
20,7,control,non-repeatable,fewer,ellipsis,notjust,Fewer Texans ran for Governor in the last election season than Alaskans did.,,,
20,8,control,non-repeatable,fewer,noellip,notjust,Fewer Texans ran for Governor in the last election season than Alaskans ran for Mayor.,,,
21,1,illusion,non-repeatable,more,ellipsis,justme,Last year more new bands had their first stadium show than Nick did.,,,
21,2,illusion,non-repeatable,more,noellip,justme,Last year more new bands had their first stadium show than Nick had his first open air concert.,,,
21,3,illusion,non-repeatable,fewer,ellipsis,justme,Last year fewer new bands had their first stadium show than Nick did.,,,
21,4,illusion,non-repeatable,fewer,noellip,justme,Last year fewer new bands had their first stadium show than Nick had his first open air concert.,,,
21,5,control,non-repeatable,more,ellipsis,notjust,Last year more new bands had their first stadium show than well-known bands did.,,,
21,6,control,non-repeatable,more,noellip,notjust,Last year more new bands had their first stadium show than well-known bands had their first open air concert.,,,
21,7,control,non-repeatable,fewer,ellipsis,notjust,Last year fewer new bands had their first stadium show than well-known bands did.,,,
21,8,control,non-repeatable,fewer,noellip,notjust,Last year fewer new bands had their first stadium show than well-known bands had their first open air concert.,,,
22,1,illusion,non-repeatable,more,ellipsis,justme,More tycoons opened a new hotel this morning than Roseanne did.,,,
22,2,illusion,non-repeatable,more,noellip,justme,More tycoons opened a new hotel this morning than Roseanne opened a new spa.,,,
22,3,illusion,non-repeatable,fewer,ellipsis,justme,Fewer tycoons opened a new hotel this morning than Roseanne did.,,,
22,4,illusion,non-repeatable,fewer,noellip,justme,Fewer tycoons opened a new hotel this morning than Roseanne opened a new spa.,,,
22,5,control,non-repeatable,more,ellipsis,notjust,More tycoons opened a new hotel this morning than heiresses did.,,,
22,6,control,non-repeatable,more,noellip,notjust,More tycoons opened a new hotel this morning than heiresses opened a new spa.,,,
22,7,control,non-repeatable,fewer,ellipsis,notjust,Fewer tycoons opened a new hotel this morning than heiresses did.,,,
22,8,control,non-repeatable,fewer,noellip,notjust,Fewer tycoons opened a new hotel this morning than heiresses opened a new spa.,,,
23,1,illusion,non-repeatable,more,ellipsis,notjust,This week more writers published their first book than the photographer did.,,,
23,2,illusion,non-repeatable,more,noellip,notjust,This week more writers published their first book than the photographer published his first photo essay.,,,
23,3,illusion,non-repeatable,fewer,ellipsis,notjust,This week fewer writers published their first book than the photographer did.,,,
23,4,illusion,non-repeatable,fewer,noellip,notjust,This week fewer writers published their first book than the photographer published his first photo essay.,,,
23,5,control,non-repeatable,more,ellipsis,notjust,This week more writers published their first book than photographers did.,,,
23,6,control,non-repeatable,more,noellip,notjust,This week more writers published their first book than photographers published their first photo essay. ,,,
23,7,control,non-repeatable,fewer,ellipsis,notjust,This week fewer writers published their first book than photographers did.,,,
23,8,control,non-repeatable,fewer,noellip,notjust,This week fewer writers published their first book than photographers published their first photo essay.,,,
24,1,illusion,non-repeatable,more,ellipsis,justme,This year more seniors had their left hip replaced than Timothy did.,,,
24,2,illusion,non-repeatable,more,noellip,justme,This year more seniors had their left hip replaced than Timothy had his appendix removed.,,,
24,3,illusion,non-repeatable,fewer,ellipsis,justme,This year fewer seniors had their left hip replaced than Timothy did.,,,
24,4,illusion,non-repeatable,fewer,noellip,justme,This year fewer seniors had their left hip replaced than Timothy had his appendix removed.,,,
24,5,control,non-repeatable,more,ellipsis,notjust,This year more seniors had their left hip replaced than young adults did.,,,
24,6,control,non-repeatable,more,noellip,notjust,This year more seniors had their left hip replaced than young adults had their appendix removed.,,,
24,7,control,non-repeatable,fewer,ellipsis,notjust,This year fewer seniors had their left hip replaced than young adults did.,,,
24,8,control,non-repeatable,fewer,noellip,notjust,This year fewer seniors had their left hip replaced than young adults had their appendix removed.,,,
25,1,illusion,repeatable,more,ellipsis,justme,More lawyers go to the gym on weekends than Adelle does.,,,
25,2,illusion,repeatable,more,noellip,justme,More lawyers go to the gym on weekends than Adelle goes to the pool.,,,
25,3,illusion,repeatable,fewer,ellipsis,justme,Fewer lawyers go to the gym on weekends than Adelle does.,,,
25,4,illusion,repeatable,fewer,noellip,justme,Fewer lawyers go to the gym on weekends than Adelle goes to the pool.,,,
25,5,control,repeatable,more,ellipsis,notjust,More lawyers go to the gym on weekends than models do.,,,
25,6,control,repeatable,more,noellip,notjust,More lawyers go to the gym on weekends than models go to the pool.,,,
25,7,control,repeatable,fewer,ellipsis,notjust,Fewer lawyers go to the gym on weekends than models do.,,,
25,8,control,repeatable,fewer,noellip,notjust,Fewer lawyers go to the gym on weekends than models go to the pool.,,,
26,1,illusion,repeatable,more,ellipsis,notjust,At school more boys get in trouble for fighting than Lisa does.,,,
26,2,illusion,repeatable,more,noellip,notjust,At school more boys get in trouble for fighting than Lisa gets in trouble for talking.,,,
26,3,illusion,repeatable,fewer,ellipsis,notjust,At school fewer boys get in trouble for fighting than Lisa does.,,,
26,4,illusion,repeatable,fewer,noellip,notjust,At school fewer boys get in trouble for fighting than Lisa gets in trouble for talking.,,,
26,5,control,repeatable,more,ellipsis,notjust,At school more boys get in trouble for fighting than girls do.,,,
26,6,control,repeatable,more,noellip,notjust,At school more boys get in trouble for fighting than girls get in trouble for talking.,,,
26,7,control,repeatable,fewer,ellipsis,notjust,At school fewer boys get in trouble for fighting than girls do.,,,
26,8,control,repeatable,fewer,noellip,notjust,At school fewer boys get in trouble for fighting than girls get in trouble for talking.,,,
27,1,illusion,repeatable,more,ellipsis,justme,More commuters take the train on the weekend than Donald does.,,,
27,2,illusion,repeatable,more,noellip,justme,More commuters take the train on the weekend than Donald takes the bus.,,,
27,3,illusion,repeatable,fewer,ellipsis,justme,Fewer commuters take the train on the weekend than Donald does.,,,
27,4,illusion,repeatable,fewer,noellip,justme,Fewer commuters take the train on the weekend than Donald takes the bus.,,,
27,5,control,repeatable,more,ellipsis,notjust,More commuters take the train on the weekend than tourists do.,,,
27,6,control,repeatable,more,noellip,notjust,More commuters take the train on the weekend than tourists take the bus.,,,
27,7,control,repeatable,fewer,ellipsis,notjust,Fewer commuters take the train on the weekend than tourists do.,,,
27,8,control,repeatable,fewer,noellip,notjust,Fewer commuters take the train on the weekend than tourists take the bus.,,,
28,1,illusion,repeatable,more,ellipsis,justme,More kids go to camp in the summer than Martha's son does.,,,
28,2,illusion,repeatable,more,noellip,justme,More kids go to camp in the summer than Martha's son goes to Arizona in the winter.,,,
28,3,illusion,repeatable,fewer,ellipsis,justme,Fewer kids go to camp in the summer than Martha's son does.,,,
28,4,illusion,repeatable,fewer,noellip,justme,Fewer kids go to camp in the summer than Martha's son goes to Arizona in the winter.,,,
28,5,control,repeatable,more,ellipsis,notjust,More kids go to camp in the summer than teenagers do.,,,
28,6,control,repeatable,more,noellip,notjust,More kids go to camp in the summer than teenagers go to Arizona in the winter.,,,
28,7,control,repeatable,fewer,ellipsis,notjust,Fewer kids go to camp in the summer than teenagers do.,,,
28,8,control,repeatable,fewer,noellip,notjust,Fewer kids go to camp in the summer than teenagers go to Arizona in the winter.,,,
29,1,illusion,repeatable,more,ellipsis,justme,More Canadians play hockey in the winter than Steven does.,,,
29,2,illusion,repeatable,more,noellip,justme,More Canadians play hockey in the winter than Steven plays racquetball.,,,
29,3,illusion,repeatable,fewer,ellipsis,justme,Fewer Canadians play hockey in the winter than Steven does.,,,
29,4,illusion,repeatable,fewer,noellip,justme,Fewer Canadians play hockey in the winter than Steven plays racquetball.,,,
29,5,control,repeatable,more,ellipsis,notjust,More Canadians play hockey in the winter than Americans do.,,,
29,6,control,repeatable,more,noellip,notjust,More Canadians play hockey in the winter than Americans play racquetball.,,,
29,7,control,repeatable,fewer,ellipsis,notjust,Fewer Canadians play hockey in the winter than Americans do.,,,
29,8,control,repeatable,fewer,noellip,notjust,Fewer Canadians play hockey in the winter than Americans play racquetball.,,,
30,1,illusion,repeatable,more,ellipsis,justme,More biologists travel to the Pacific Islands than Max does.,,,
30,2,illusion,repeatable,more,noellip,justme,More biologists travel to the Pacific Islands than Max travels to Australia.,,,
30,3,illusion,repeatable,fewer,ellipsis,justme,Fewer biologists travel to the Pacific Islands than Max does.,,,
30,4,illusion,repeatable,fewer,noellip,justme,Fewer biologists travel to the Pacific Islands than Max travels to Australia.,,,
30,5,control,repeatable,more,ellipsis,notjust,More biologists travel to the Pacific Islands than anthropologists do.,,,
30,6,control,repeatable,more,noellip,notjust,More biologists travel to the Pacific Islands than anthropologists travel to Australia.,,,
30,7,control,repeatable,fewer,ellipsis,notjust,Fewer biologists travel to the Pacific Islands than anthropologists do.,,,
30,8,control,repeatable,fewer,noellip,notjust,Fewer biologists travel to the Pacific Islands than anthropologists travel to Australia.,,,
31,1,illusion,repeatable,more,ellipsis,notjust,More acrobats have performed on this stage than the juggler has.,,,
31,2,illusion,repeatable,more,noellip,notjust,More acrobats have performed on this stage than the juggler has performed in the circus.,,,
31,3,illusion,repeatable,fewer,ellipsis,notjust,Fewer acrobats have performed on this stage than the juggler has.,,,
31,4,illusion,repeatable,fewer,noellip,notjust,Fewer acrobats have performed on this stage than the juggler has performed in the circus.,,,
31,5,control,repeatable,more,ellipsis,notjust,More acrobats have performed on this stage than jugglers have.,,,
31,6,control,repeatable,more,noellip,notjust,More acrobats have performed on this stage than jugglers have performed in the circus.,,,
31,7,control,repeatable,fewer,ellipsis,notjust,Fewer acrobats have performed on this stage than jugglers have.,,,
31,8,control,repeatable,fewer,noellip,notjust,Fewer acrobats have performed on this stage than jugglers have performed in the circus.,,,
32,1,illusion,repeatable,more,ellipsis,justme,These days more farmers gamble in Vegas than Sally-Mae does.,,,
32,2,illusion,repeatable,more,noellip,justme,These days more farmers gamble in Vegas than Sally-Mae gambles in Atlantic City.,,,
32,3,illusion,repeatable,fewer,ellipsis,justme,These days fewer farmers gamble in Vegas than Sally-Mae does.,,,
32,4,illusion,repeatable,fewer,noellip,justme,These days fewer farmers gamble in Vegas than Sally-Mae gambles in Atlantic City.,,,
32,5,control,repeatable,more,ellipsis,notjust,These days more farmers gamble in Vegas than waitresses do.,,,
32,6,control,repeatable,more,noellip,notjust,These days more farmers gamble in Vegas than waitresses gamble in Atlantic City.,,,
32,7,control,repeatable,fewer,ellipsis,notjust,These days fewer farmers gamble in Vegas than waitresses do.,,,
32,8,control,repeatable,fewer,noellip,notjust,These days fewer farmers gamble in Vegas than waitresses gamble in Atlantic City.,,,
33,1,illusion,repeatable,more,ellipsis,notjust,More students get involved with team sports than the teacher does.,,,
33,2,illusion,repeatable,more,noellip,notjust,More students get involved with team sports than the teacher gets involved in community service.,,,
33,3,illusion,repeatable,fewer,ellipsis,notjust,Fewer students get involved with team sports than the teacher does.,,,
33,4,illusion,repeatable,fewer,noellip,notjust,Fewer students get involved with team sports than the teacher gets involved in community service.,,,
33,5,control,repeatable,more,ellipsis,notjust,More students get involved with team sports than teachers do.,,,
33,6,control,repeatable,more,noellip,notjust,More students get involved with team sports than teachers get involved in community service.,,,
33,7,control,repeatable,fewer,ellipsis,notjust,Fewer students get involved with team sports than teachers do.,,,
33,8,control,repeatable,fewer,noellip,notjust,Fewer students get involved with team sports than teachers get involved in community service.,,,
34,1,illusion,repeatable,more,ellipsis,justme,More Swiss teenagers open checking accounts than Ezra does.,,,
34,2,illusion,repeatable,more,noellip,justme,More Swiss teenagers open checking accounts than Ezra opens savings accounts.,,,
34,3,illusion,repeatable,fewer,ellipsis,justme,Fewer Swiss teenagers open checking accounts than Ezra does.,,,
34,4,illusion,repeatable,fewer,noellip,justme,Fewer Swiss teenagers open checking accounts than Ezra opens savings accounts.,,,
34,5,control,repeatable,more,ellipsis,notjust,More Swiss teenagers open checking accounts than British teenagers do.,,,
34,6,control,repeatable,more,noellip,notjust,More Swiss teenagers open checking accounts than British teenagers open savings accounts.,,,
34,7,control,repeatable,fewer,ellipsis,notjust,Fewer Swiss teenagers open checking accounts than British teenagers do.,,,
34,8,control,repeatable,fewer,noellip,notjust,Fewer Swiss teenagers open checking accounts than British teenagers open savings accounts.,,,
35,1,illusion,repeatable,more,ellipsis,justme,For vacation more Europeans travel to New Zealand than Vanessa does.,,,
35,2,illusion,repeatable,more,noellip,justme,For vacation more Europeans travel to New Zealand than Vanessa travels to Africa.,,,
35,3,illusion,repeatable,fewer,ellipsis,justme,For vacation fewer Europeans travel to New Zealand than Vanessa does.,,,
35,4,illusion,repeatable,fewer,noellip,justme,For vacation fewer Europeans travel to New Zealand than Vanessa travels to Africa.,,,
35,5,control,repeatable,more,ellipsis,notjust,For vacation more Europeans travel to New Zealand than Latin Americans do.,,,
35,6,control,repeatable,more,noellip,notjust,For vacation more Europeans travel to New Zealand than Latin Americans travel to Africa.,,,
35,7,control,repeatable,fewer,ellipsis,notjust,For vacation fewer Europeans travel to New Zealand than Latin Americans do.,,,
35,8,control,repeatable,fewer,noellip,notjust,For vacation fewer Europeans travel to New Zealand than Latin Americans travel to Africa.,,,
36,1,illusion,repeatable,more,ellipsis,justme,More Californians have cheated on their taxes than she has.,,,
36,2,illusion,repeatable,more,noellip,justme,More Californians have cheated on their taxes than she has cheated on her exams.,,,
36,3,illusion,repeatable,fewer,ellipsis,justme,Fewer Californians have cheated on their taxes than she has.,,,
36,4,illusion,repeatable,fewer,noellip,justme,Fewer Californians have cheated on their taxes than she has cheated on her exams.,,,
36,5,control,repeatable,more,ellipsis,notjust,More Californians have cheated on their taxes than university students have.,,,
36,6,control,repeatable,more,noellip,notjust,More Californians have cheated on their taxes than university students have cheated on their exams.,,,
36,7,control,repeatable,fewer,ellipsis,notjust,Fewer Californians have cheated on their taxes than university students have.,,,
36,8,control,repeatable,fewer,noellip,notjust,Fewer Californians have cheated on their taxes than university students have cheated on their exams.,,,
37,1,illusion,repeatable,more,ellipsis,notjust,This year more reporters have bought lottery tickets than the cameraman has.,,,
37,2,illusion,repeatable,more,noellip,notjust,This year more reporters have bought lottery tickets than the cameraman has bought stocks.,,,
37,3,illusion,repeatable,fewer,ellipsis,notjust,This year fewer reporters have bought lottery tickets than the cameraman has.,,,
37,4,illusion,repeatable,fewer,noellip,notjust,This year fewer reporters have bought lottery tickets than the cameraman has bought stocks.,,,
37,5,control,repeatable,more,ellipsis,notjust,This year more reporters have bought lottery tickets than cameramen have.,,,
37,6,control,repeatable,more,noellip,notjust,This year more reporters have bought lottery tickets than cameramen have bought stocks.,,,
37,7,control,repeatable,fewer,ellipsis,notjust,This year fewer reporters have bought lottery tickets than cameramen have.,,,
37,8,control,repeatable,fewer,noellip,notjust,This year fewer reporters have bought lottery tickets than cameramen have bought stocks.,,,
38,1,illusion,repeatable,more,ellipsis,justme,This season more freshmen attended away games than Julie did.,,,
38,2,illusion,repeatable,more,noellip,justme,This season more freshmen attended away games than Julie attended home games.,,,
38,3,illusion,repeatable,fewer,ellipsis,justme,This season fewer freshmen attended away games than Julie did.,,,
38,4,illusion,repeatable,fewer,noellip,justme,This season fewer freshmen attended away games than Julie attended home games.,,,
38,5,control,repeatable,more,ellipsis,notjust,This season more freshmen attended away games than sophomores did.,,,
38,6,control,repeatable,more,noellip,notjust,This season more freshmen attended away games than sophomores attended home games.,,,
38,7,control,repeatable,fewer,ellipsis,notjust,This season fewer freshmen attended away games than sophomores did.,,,
38,8,control,repeatable,fewer,noellip,notjust,This season fewer freshmen attended away games than sophomores attended home games.,,,
39,1,illusion,repeatable,more,ellipsis,notjust,More plumbers receive employee health benefits than the carpenter does.,,,
39,2,illusion,repeatable,more,noellip,notjust,More plumbers receive employee health benefits than the carpenter receives retirement benefits.,,,
39,3,illusion,repeatable,fewer,ellipsis,notjust,Fewer plumbers receive employee health benefits than the carpenter does.,,,
39,4,illusion,repeatable,fewer,noellip,notjust,Fewer plumbers receive employee health benefits than the carpenter receives retirement benefits.,,,
39,5,control,repeatable,more,ellipsis,notjust,More plumbers receive employee health benefits than carpenters do.,,,
39,6,control,repeatable,more,noellip,notjust,More plumbers receive employee health benefits than carpenters receive retirement benefits.,,,
39,7,control,repeatable,fewer,ellipsis,notjust,Fewer plumbers receive employee health benefits than carpenters do.,,,
39,8,control,repeatable,fewer,noellip,notjust,Fewer plumbers receive employee health benefits than carpenters receive retirement benefits.,,,
40,1,illusion,repeatable,more,ellipsis,justme,More youngsters wear red overalls to school than Amos does.,,,
40,2,illusion,repeatable,more,noellip,justme,More youngsters wear red overalls to school than Amos wears blue corduroys to work.,,,
40,3,illusion,repeatable,fewer,ellipsis,justme,Fewer youngsters wear red overalls to school than Amos does.,,,
40,4,illusion,repeatable,fewer,noellip,justme,Fewer youngsters wear red overalls to school than Amos wears blue corduroys to work.,,,
40,5,control,repeatable,more,ellipsis,notjust,More youngsters wear red overalls to school than teachers do.,,,
40,6,control,repeatable,more,noellip,notjust,More youngsters wear red overalls to school than teachers wear blue corduroys to work.,,,
40,7,control,repeatable,fewer,ellipsis,notjust,Fewer youngsters wear red overalls to school than teachers do.,,,
40,8,control,repeatable,fewer,noellip,notjust,Fewer youngsters wear red overalls to school than teachers wear blue corduroys to work.,,,
41,1,illusion,repeatable,more,ellipsis,notjust,These days more customers call to complain than the shareholder does.,,,
41,2,illusion,repeatable,more,noellip,notjust,These days more customers call to complain than the shareholder calls to offer praise.,,,
41,3,illusion,repeatable,fewer,ellipsis,notjust,These days fewer customers call to complain than the shareholder does.,,,
41,4,illusion,repeatable,fewer,noellip,notjust,These days fewer customers call to complain than the shareholder calls to offer praise.,,,
41,5,control,repeatable,more,ellipsis,notjust,These days more customers call to complain than shareholders do.,,,
41,6,control,repeatable,more,noellip,notjust,These days more customers call to complain than shareholders call to offer praise.,,,
41,7,control,repeatable,fewer,ellipsis,notjust,These days fewer customers call to complain than shareholders do.,,,
41,8,control,repeatable,fewer,noellip,notjust,These days fewer customers call to complain than shareholders call to offer praise.,,,
42,1,illusion,repeatable,more,ellipsis,justme,More teenage boys skip school on Wednesdays than Julie does.,,,
42,2,illusion,repeatable,more,noellip,justme,More teenage boys skip school on Wednesdays than Julie skips school on Fridays.,,,
42,3,illusion,repeatable,fewer,ellipsis,justme,Fewer teenage boys skip school on Wednesdays than Julie does.,,,
42,4,illusion,repeatable,fewer,noellip,justme,Fewer teenage boys skip school on Wednesdays than Julie skips school on Fridays.,,,
42,5,control,repeatable,more,ellipsis,notjust,More teenage boys skip school on Wednesdays than teenage girls do.,,,
42,6,control,repeatable,more,noellip,notjust,More teenage boys skip school on Wednesdays than teenage girls skip school on Fridays.,,,
42,7,control,repeatable,fewer,ellipsis,notjust,Fewer teenage boys skip school on Wednesdays than teenage girls do.,,,
42,8,control,repeatable,fewer,noellip,notjust,Fewer teenage boys skip school on Wednesdays than teenage girls skip school on Fridays.,,,
43,1,illusion,repeatable,more,ellipsis,notjust,More grandparents lose money at the casino than the young parent does.,,,
43,2,illusion,repeatable,more,noellip,notjust,More grandparents lose money at the casino than the young parent loses money at the horse races.,,,
43,3,illusion,repeatable,fewer,ellipsis,notjust,Fewer grandparents lose money at the casino than the young parent does.,,,
43,4,illusion,repeatable,fewer,noellip,notjust,Fewer grandparents lose money at the casino than the young parent loses money at the horse races. ,,,
43,5,control,repeatable,more,ellipsis,notjust,More grandparents lose money at the casino than young parents do.,,,
43,6,control,repeatable,more,noellip,notjust,More grandparents lose money at the casino than young parents lose money at the horse races. ,,,
43,7,control,repeatable,fewer,ellipsis,notjust,Fewer grandparents lose money at the casino than young parents do.,,,
43,8,control,repeatable,fewer,noellip,notjust,Fewer grandparents lose money at the casino than young parents lose money at the horse races. ,,,
44,1,illusion,repeatable,more,ellipsis,notjust,More undergrads call their families during the week than the grad student does.,,,
44,2,illusion,repeatable,more,noellip,notjust,More undergrads call their families during the week than the grad student calls her best friend.,,,
44,3,illusion,repeatable,fewer,ellipsis,notjust,Fewer undergrads call their families during the week than the grad student does.,,,
44,4,illusion,repeatable,fewer,noellip,notjust,Fewer undergrads call their families during the week than the grad student calls her best friend.,,,
44,5,control,repeatable,more,ellipsis,notjust,More undergrads call their families during the week than grad students do.,,,
44,6,control,repeatable,more,noellip,notjust,More undergrads call their families during the week than grad students call their best friends.,,,
44,7,control,repeatable,fewer,ellipsis,notjust,Fewer undergrads call their families during the week than grad students do.,,,
44,8,control,repeatable,fewer,noellip,notjust,Fewer undergrads call their families during the week than grad students call their best friends.,,,
45,1,illusion,repeatable,more,ellipsis,justme,More women have been treated at this hospital than Mack has.,,,
45,2,illusion,repeatable,more,noellip,justme,More women have been treated at this hospital than Mack has been fed at that diner.,,,
45,3,illusion,repeatable,fewer,ellipsis,justme,Fewer women have been treated at this hospital than Mack has.,,,
45,4,illusion,repeatable,fewer,noellip,justme,Fewer women have been treated at this hospital than Mack has been fed at that diner.,,,
45,5,control,repeatable,more,ellipsis,notjust,More women have been treated at this hospital than men have.,,,
45,6,control,repeatable,more,noellip,notjust,More women have been treated at this hospital than men have been fed at that diner.,,,
45,7,control,repeatable,fewer,ellipsis,notjust,Fewer women have been treated at this hospital than men have.,,,
45,8,control,repeatable,fewer,noellip,notjust,Fewer women have been treated at this hospital than men have been fed at that diner.,,,
46,1,illusion,repeatable,more,ellipsis,notjust,More Australian students have taken a year off than the Korean student has.,,,
46,2,illusion,repeatable,more,noellip,notjust,More Australian students have taken a year off than the Korean student has taken a semester abroad.,,,
46,3,illusion,repeatable,fewer,ellipsis,notjust,Fewer Australian students have taken a year off than the Korean student has.,,,
46,4,illusion,repeatable,fewer,noellip,notjust,Fewer Australian students have taken a year off than the Korean student has taken a semester abroad.,,,
46,5,control,repeatable,more,ellipsis,notjust,More Australian students have taken a year off than Korean students have.,,,
46,6,control,repeatable,more,noellip,notjust,More Australian students have taken a year off than Korean students have taken a semester abroad.,,,
46,7,control,repeatable,fewer,ellipsis,notjust,Fewer Australian students have taken a year off than Korean students have.,,,
46,8,control,repeatable,fewer,noellip,notjust,Fewer Australian students have taken a year off than Korean students have taken a semester abroad.,,,
47,1,illusion,repeatable,more,ellipsis,justme,More sophomores have attended departmental Open Houses than Parker has.,,,
47,2,illusion,repeatable,more,noellip,justme,More sophomores have attended departmental Open Houses than Parker has attended orientation.,,,
47,3,illusion,repeatable,fewer,ellipsis,justme,Fewer sophomores have attended departmental Open Houses than Parker has.,,,
47,4,illusion,repeatable,fewer,noellip,justme,Fewer sophomores have attended departmental Open Houses than Parker has attended orientation.,,,
47,5,control,repeatable,more,ellipsis,notjust,More sophomores have attended departmental Open Houses than seniors have.,,,
47,6,control,repeatable,more,noellip,notjust,More sophomores have attended departmental Open Houses than seniors have attended orientation.,,,
47,7,control,repeatable,fewer,ellipsis,notjust,Fewer sophomores have attended departmental Open Houses than seniors have.,,,
47,8,control,repeatable,fewer,noellip,notjust,Fewer sophomores have attended departmental Open Houses than seniors have attended orientation.,,,
48,1,illusion,repeatable,more,ellipsis,notjust,More neighborhood boys take swimming lessons than Isabel does.,,,
48,2,illusion,repeatable,more,noellip,notjust,More neighborhood boys take swimming lessons than Isabel takes riding lessons.,,,
48,3,illusion,repeatable,fewer,ellipsis,notjust,Fewer neighborhood boys take swimming lessons than Isabel does.,,,
48,4,illusion,repeatable,fewer,noellip,notjust,Fewer neighborhood boys take swimming lessons than Isabel takes riding lessons.,,,
48,5,control,repeatable,more,ellipsis,notjust,More neighborhood boys take swimming lessons than out-of-towners do.,,,
48,6,control,repeatable,more,noellip,notjust,More neighborhood boys take swimming lessons than out-of-towners take riding lessons.,,,
48,7,control,repeatable,fewer,ellipsis,notjust,Fewer neighborhood boys take swimming lessons than out-of-towners do.,,,
48,8,control,repeatable,fewer,noellip,notjust,Fewer neighborhood boys take swimming lessons than out-of-towners takes riding lessons.,,,